{
    "skills": {
        "agility": {
            "default": {
                "1": 0.00038,
                "10": 0.00032,
                "20": 0.00026,
                "30": 0.00026,
                "40": 0.00026,
                "50": 0.0001,
                "60": 0.00006,
                "90": 0.000036
            }
        },
        "rs3agility": {
            "default": {
                "1": 0.00060,
                "18": 0.00040,
                "30": 0.00014,
                "50": 0.00013,
                "52": 0.00012,
                "60": 0.00007,
                "65": 0.00006,
                "70": 0.00005,
                "75": 0.00004,
                "80": 0.00004,
                "85": 0.00002
            }
        },
        "rs3dungeoneering": {
            "default": {
                "1": false,
                "message": "Please message <#837416583684685864> for a quote (1.5m/sinkhole)."
            }
        },
        "rs3invention": {
            "default": {
                "1": false,
                "message": "Please message <#837416583684685864> for a quote."
            }
        },
        "rs3slayer": {
            "default": {
                "1": false,
                "message": "Please message <#837416583684685864> for a quote."
            }
        },
        "attack": {
            "default": {
                "1": true
            },
            "nmz": {
                "1": 0.00012,
                "50": 0.00004,
                "70": 0.00002
            },
            "crabs": {
                "1": 0.00008,
                "50": 0.00003,
                "70": 0.00002
            },
            "nmz - 70 bases - no vpn": {
                "1": 0,
                "70": 0.00001
            }
        },
        "rs3attack": {
            "default": {
                "1": 0.000220,
                "30": 0.00020,
                "40": 0.00008,
                "50": 0.000012,
                "70": 0.000006,
                "80": 0.000005,
                "90": 0.000004
            }
        },
        "construction": {
            "default": {
                "1": 0.000048,
                "52": 0.000009
            }
        },
        "rs3construction": {
            "default": {
                "1": 0.000340,
                "33": 0.000050,
                "52": 0.000010,
                "73": 0.000008
            }
        },
        "cooking": {
            "default": {
                "1": 0.000016,
                "35": 0.000007
            }
        },
        "rs3cooking": {
            "default": {
                "1": 0.000040,
                "15": 0.000020,
                "30": 0.000010,
                "52": 0.000007,
                "80": 0.000006,
                "90": 0.000005,
                "99": 0.000004
            }
        },
        "crafting": {
            "default": {
                "1": 0.000028,
                "63": 0.000008,
                "84": 0.000006
            }
        },
        "rs3crafting": {
            "default": {
                "1": 0.000100,
                "20": 0.000008,
                "27": 0.000006,
                "34": 0.000006,
                "43": 0.000004,
                "55": 0.000003
            }
        },
        "defence": {
            "default": {
                "1": true
            },
            "nmz": {
                "1": 0.000120,
                "50": 0.000040,
                "70": 0.000016
            },
            "crabs": {
                "1": 0.000080,
                "50": 0.000032,
                "70": 0.000016
            },
            "nmz - 70 bases - no vpn": {
                "1": 0,
                "70": 0.000010
            }
        },
        "rs3defence": {
            "default": {
                "1": 0.000220,
                "30": 0.00020,
                "40": 0.00008,
                "50": 0.000012,
                "70": 0.000006,
                "80": 0.000005,
                "90": 0.000004
            }
        },
        "rs3divination": {
            "default": {
                "1": 0.000400,
                "10": 0.000200,
                "20": 0.000140,
                "30": 0.000110,
                "40": 0.000080,
                "50": 0.000070,
                "60": 0.000046,
                "65": 0.000038,
                "70": 0.000038,
                "80": 0.000032,
                "85": 0.000024,
                "90": 0.000013,
                "99": 0.000007
            }
        },
        "rs3archaeology": {
            "default": {
                "1": 0.000200,
                "51": 0.000120,
                "64": 0.000061,
                "72": 0.000040,
                "89": 0.000020,
                "99": 0.000012,
                "106": 0.000008,
                "112": 0.000006
            }
        },
        "farming": {
            "default": {
                "1": 0.000056,
                "60": 0.000011,
                "75": 0.000005
            }
        },
        "rs3farming": {
            "default": {
                "1": 0.000056,
                "60": 0.000011,
                "75": 0.000005,
                "101": 0.000004,
                "107": 0.000003,
                "113": 0.000002
            }
        }
    }
}