{
    "skills": {
        "firemaking": {
            "default": {
                "1": 0.000048,
                "50": 0.000024,
                "80": 0.000014,
                "90": 0.000012
            }
        },
        "rs3firemaking": {
            "default": {
                "1": 0.000016,
                "45": 0.000010,
                "60": 0.000008,
                "75": 0.000006,
                "90": 0.000004
            },
            "Pitch can": {
                "70": 0.000006,
                "75": 0.000004,
                "90": 0.000003
            }
        },
        "fishing": {
            "default": {
                "1": 0.000200,
                "30": 0.000140,
                "58": 0.000034,
                "72": 0.000032,
                "90": 0.000030
            },
            "Barbarian - no vpn": {
                "1": 0,
                "58": 0.000028,
                "72": 0.000026,
                "90": 0.000024
            }
        },
        "rs3fishing": {
            "default": {
                "1": 0.000260,
                "20": 0.000180,
                "25": 0.000160,
                "30": 0.000100,
                "35": 0.000088,
                "40": 0.000084,
                "45": 0.000076,
                "50": 0.000072,
                "55": 0.000064,
                "60": 0.000060,
                "65": 0.000054,
                "70": 0.000040,
                "80": 0.000038,
                "90": 0.000036,
                "93": 0.000018,
                "95": 0.000016,
                "97": 0.000013
            },
            "w/o crystallise & priff": {
                "70": 0.000048,
                "72": 0.000043,
                "80": 0.000040,
                "85": 0.000038,
                "90": 0.000034
            },
            "Fishing Frenzy": {
                "1": 0,
                "94": 0.000021
            }
        },
        "fletching": {
            "default": {
                "1": 0.000005
            }
        },
        "rs3fletching": {
            "default": {
                "1": 0.000020,
                "30": 0.0000105,
                "45": 0.000006,
                "60": 0.000004,
                "75": 0.000003,
                "99": 0.000003
            },
            "Broad arrows": {
                "1": 0.000020,
                "55": 0.000003
            },
            "Rune darts": {
                "1": 0.000020,
                "81": 0.000002
            },
            "dragon darts": {
                "1": 0,
                "95": 0.000002
            }
        },
        "herblore": {
            "default": {
                "1": 0.000014,
                "52": 0.000008,
                "81": 0.000006
            }
        },
        "rs3herblore": {
            "default": {
                "1": 0.000034,
                "26": 0.000012,
                "38": 0.000008,
                "52": 0.000006,
                "66": 0.000005,
                "72": 0.000004,
                "81": 0.000004,
                "88": 0.000003,
                "96": 0.000002,
                "99": 0.000002
            },
            "powerburst of vitality": {
                "105": 0.000001,
                "107": 0.000001
            }
        },
        "hunter": {
            "default": {
                "1": 0.000320,
                "15": 0.000300,
                "29": 0.000100,
                "59": 0.000040,
                "67": 0.000036,
                "80": 0.000032
            },
            "chin": {
                "1": 0,
                "63": 0.000056,
                "80": 0.000042
            },
            "private": {
                "1": 0,
                "63": 0.000046,
                "80": 0.000038
            },
            "monkey": {
                "1": 0,
                "60": 0.000032,
                "70": 0.000030,
                "80": 0.000026,
                "90": 0.000022
            }
        },
        "rs3hunter": {
            "default": {
                "1": 0.000400,
                "19": 0.000120,
                "30": 0.000100,
                "60": 0.000088,
                "67": 0.000040,
                "80": 0.000020,
                "88": 0.000008
            },
            "not 83 agility": {
                "80": 0.000018,
                "96": 0.000012
            }
        },
        "rs3magic": {
            "default": {
                "1": 0.000160,
                "40": 0.000080,
                "50": 0.000054,
                "60": 0.000040,
                "70": 0.000006,
                "80": 0.000005,
                "90": 0.000004
            }
        },
        "magic": {
            "default": {
                "1": true
            },
            "Splashing": {
                "1": 0.000028,
                "35": 0.000022,
                "59": 0.000016,
                "87": 0.000014
            },
            "String Amulet": {
                "1": 0.000036,
                "10": 0.000034,
                "19": 0.000026
            },
            "Stun-Alching": {
                "1": 0.000018,
                "55": 0.000015,
                "80": 0.000014
            }
        }
    }
}